id_personal,nombre,rut,edad,genero,fecha_inicio,cargo,id_tienda
0,April Gregory,12124659-K,33,1,20081209,Chofer,0
1,Lori Ford,8079859-0,45,1,20071207,Chofer,1
10,Edward Holmes,17520448-K,50,1,20220611,Chofer,2
100,Robert Mendoza,6326873-0,73,0,20120104,Chofer,3
101,Kim Rodriguez,17681493-K,25,1,20180505,Jefe,72
102,Deborah Riggs,15742238-K,46,1,20091208,Chofer,4
103,Sharon Bell,11320024-0,78,1,20090306,Chofer,5
104,Victoria Combs,15238393-K,52,0,20130117,Chofer,6
105,Sandra Fuller,5520698-0,73,0,20010303,Chofer,7
106,William Lowery,20030318-K,52,0,20141202,Chofer,8
107,Mary Aguilar,5484836-0,26,1,20111017,Chofer,9
108,Jessica Lang,8627721-0,26,1,20071228,Chofer,10
109,Samuel Young,17865731-0,56,0,20130606,Chofer,11
11,Patricia Rodriguez,20799033-0,41,1,20180907,Chofer,12
110,Thomas Pearson,6170323-0,66,0,20081012,Chofer,13
111,Alexis Curry,12015034-K,68,1,20130412,Chofer,14
112,Rebecca Myers,20845866-0,33,0,20000926,Chofer,15
113,Jimmy Smith,15880550-0,69,1,20171203,Chofer,16
114,Aaron Williams,5061018-K,38,0,20160607,Chofer,17
115,Michael Park,9785970-0,74,1,20090816,Chofer,18
116,Scott Cohen,7486755-K,72,0,20180627,Chofer,19
117,Larry Holmes,7302828-K,33,0,20080213,Chofer,20
118,Lori Young,10465519-0,62,0,20010106,Chofer,21
119,Mitchell Fischer,16664034-K,33,0,20010115,Chofer,22
12,Erin King,20012012-K,64,1,20181209,Chofer,23
120,John Todd,9873541-0,43,1,20051005,Chofer,24
121,Tonya Wilson,14413025-K,76,1,20100222,Chofer,25
122,Lacey Davenport,6677335-0,60,0,20020809,Chofer,26
123,Deborah Mayer,9928289-K,64,0,20151117,Chofer,27
124,Troy Bates,10069220-0,39,1,20130117,Chofer,28
125,Deanna Rice,10852565-K,51,1,20070519,Chofer,29
126,Juan Kennedy,10255564-0,36,1,20191219,Chofer,30
127,Angela Collins,8762355-K,31,1,20050826,Chofer,31
128,Elizabeth Nguyen,13582188-K,65,0,20221020,Chofer,32
129,Steven Zuniga,14950759-0,64,0,20060618,Chofer,33
13,Antonio Camacho,8931159-K,56,1,20160301,Chofer,34
130,Kristina Martinez,6528430-0,58,0,20130717,Chofer,35
131,Amy Serrano,8216181-K,72,0,20200503,Chofer,36
132,Katherine Barton,13245789-K,79,1,20150807,Chofer,37
133,Sarah Reynolds,20015626-K,41,1,20021223,Chofer,38
134,Brian Lee,13732262-0,40,0,20000823,Chofer,39
135,Mr. David Ross,8771079-0,73,0,20140107,Chofer,40
136,Troy Powell,6893171-0,36,1,20031216,Jefe,61
137,Jennifer Herman,9095218-0,65,0,20090731,Chofer,41
138,Rhonda Simpson,5475675-0,79,0,20191005,Chofer,42
139,Pamela Taylor,12776579-K,48,0,20110826,Chofer,43
14,Mrs. Kelly Ray,6420919-0,25,0,20140509,Chofer,44
140,Debra Vasquez,18046167-0,27,0,20160502,Chofer,45
141,Adam Hall,20819426-K,71,1,20010305,Chofer,46
142,Amanda Morgan,9841771-K,65,1,20130721,Chofer,47
143,Heather Dunn,15787314-K,27,0,20050204,Chofer,48
144,Robert Li,14616135-K,32,0,20030311,Chofer,49
145,Jennifer Dickson,18095687-K,66,0,20111117,Chofer,50
146,Karen Doyle DDS,19200396-0,78,1,20060925,Chofer,51
147,Jason Wallace DDS,5230639-K,58,1,20020618,Chofer,52
148,Dean Bruce,12247929-0,51,1,20020524,Chofer,53
149,Brooke Mcintosh,12771525-0,42,1,20061012,Chofer,54
15,William Rodriguez,10807920-0,48,1,20081230,Chofer,55
150,David Charles,16290566-0,58,0,20181110,Chofer,56
151,Joshua Le,7142183-0,53,1,20171208,Chofer,57
152,Gary Johnson,16698844-0,50,0,20180223,Chofer,58
153,Caroline Williams,20263948-K,39,1,20071018,Chofer,59
154,Christina Bowen,7736451-0,58,0,20031215,Chofer,60
155,Patricia Evans,7416964-0,58,0,20041125,Jefe,44
156,Ann Matthews,20292300-0,75,1,20091210,Chofer,61
157,Justin Stewart,16747260-0,64,1,20000327,Chofer,62
158,Shaun Mendez,11205823-0,61,1,20171220,Chofer,63
159,Stephen Murray,10163443-0,26,1,20060531,Chofer,64
16,Michael Rodriguez,7472957-K,64,1,20031006,Chofer,65
160,Jeanette Rogers,17029264-0,39,0,20070920,Chofer,66
161,Andrea Garcia,15221616-K,48,1,20120601,Chofer,67
162,Cathy Herring,16295659-0,46,1,20170210,Chofer,68
163,James Larson,7279606-K,25,1,20011222,Chofer,69
164,Alexander Tanner,15439065-K,31,1,20090621,Chofer,70
165,Brandy Ferguson,7698935-0,30,0,20201222,Chofer,71
166,Mr. Travis Villegas PhD,6129225-0,70,1,20140310,Chofer,72
167,Patrick Ramirez,9995337-0,34,0,20030208,Chofer,73
168,Ashley Fox,15560420-0,68,0,20170315,Chofer,74
169,Katrina Nunez,11713516-0,37,0,20020723,Chofer,75
17,Kaitlyn Schneider,10208233-K,67,1,20020102,Chofer,76
170,Sandra Flores,14928135-0,59,1,20130216,Chofer,77
171,Robert Owens,17306692-K,50,0,20040606,Chofer,78
172,Jason Brown,16822988-K,31,0,20040104,Chofer,79
173,Christina Cochran,7464362-0,30,0,20181208,Chofer,80
174,Pamela Fields,18046237-K,27,0,20091207,Chofer,81
175,Stacy Morrison,16729816-0,44,0,20020827,Chofer,82
176,Aaron Washington,14324252-K,42,0,20010709,Chofer,83
177,Brian Reed,11285357-0,30,0,20120709,Jefe,23
178,Dr. Justin Figueroa,14527812-0,49,1,20040222,Jefe,24
179,Melissa Gonzales,6781199-K,63,1,20001022,Chofer,84
18,Jared Perkins,7620753-K,32,0,20050121,Chofer,85
180,Dalton Coffey,14450192-0,28,1,20140813,Chofer,86
181,Susan Hunt,17851588-K,37,0,20020818,Jefe,28
182,Monica Cohen,7372391-K,44,0,20171215,Chofer,87
183,David Zamora,10394898-0,49,1,20110308,Chofer,88
184,Ashley Allen,5102920-0,43,0,20120605,Chofer,89
185,Victor Johnson,15688061-K,71,0,20070817,Chofer,90
186,Elizabeth Bolton,7260265-K,43,0,20121120,Chofer,91
187,Mary Winters,11251042-K,52,0,20031224,Chofer,92
188,Jason Mclean,9207429-K,73,1,20180720,Chofer,93
189,Jeffrey Perry,6043528-K,59,0,20140309,Chofer,94
19,Michael Bryant,19128122-K,70,0,20180520,Chofer,95
190,Catherine Walters,10590258-K,28,0,20170315,Chofer,96
191,Elizabeth Blanchard,14985994-0,47,1,20101231,Chofer,97
192,David Gibson,8433994-0,27,0,20120603,Chofer,98
193,Philip Quinn,17465059-0,59,0,20120312,Chofer,99
194,Jesse Perez,19195594-K,73,0,20070406,Chofer,100
195,Brian Adams,13700973-0,60,1,20070707,Jefe,95
196,Thomas May,9458190-K,40,1,20010715,Chofer,101
197,Shane Aguilar,9716251-K,43,1,20110904,Chofer,102
198,Jessica Franklin,8394334-K,30,1,20040620,Chofer,0
199,Daniel Davis,15136501-0,69,1,20190614,Chofer,1
2,David Miller,19060824-K,61,0,20120915,Jefe,93
20,James Johnson,12409262-K,38,1,20010521,Chofer,2
200,Jennifer Wright,8138255-0,41,0,20040722,Repartidor,3
201,Jeffrey Watkins,19898349-0,37,0,20041207,Repartidor,4
202,Jessica Lopez,18857125-K,58,1,20080210,Repartidor,5
203,Kathryn Watson MD,13742896-K,53,0,20200130,Repartidor,6
204,Dr. Ryan Hopkins,15483856-K,47,1,20031218,Repartidor,7
205,Maria Pearson,10936391-0,58,0,20091222,Repartidor,8
206,Kelly Butler,16700403-0,52,1,20000910,Repartidor,9
207,Brian Mata,5305399-K,55,1,20080210,Jefe,36
208,James Orozco,14852307-K,42,0,20220131,Repartidor,10
209,Maria Kelley,10072582-K,51,1,20080803,Repartidor,11
21,Misty Lee,18852303-0,70,1,20010316,Chofer,12
210,Randy Morrow,18835334-K,35,1,20180311,Repartidor,13
211,Christy Chavez,8415045-K,69,1,20160809,Repartidor,14
212,Stanley Zhang,14523967-K,57,1,20131030,Repartidor,15
213,Wayne Jones,5269825-0,42,1,20200114,Repartidor,16
214,Sean Davis MD,17216834-0,34,0,20140311,Repartidor,17
215,Jennifer Levy,19117805-0,66,0,20000315,Repartidor,18
216,Roberto Evans,7265460-0,67,1,20030111,Repartidor,19
217,Laura Reed,18894141-0,54,1,20120224,Repartidor,20
218,Mr. Timothy Harding,5480349-0,58,1,20071011,Repartidor,21
219,Christine Reyes,14524551-0,68,0,20010815,Repartidor,22
22,Zachary Marsh,20362498-K,32,0,20100204,Chofer,23
220,Steven Jackson,7697070-0,59,1,20170304,Repartidor,24
221,Sydney Terrell,17957255-K,70,1,20071227,Repartidor,25
222,Henry Smith,16001733-0,50,1,20031017,Repartidor,26
223,Leonard Phillips,19120743-0,59,0,20150316,Repartidor,27
224,Richard Soto,14934475-0,76,1,20120219,Repartidor,28
225,Brandy Figueroa,9592654-0,56,1,20180620,Repartidor,29
226,Veronica Evans,5092629-0,45,1,20001213,Repartidor,30
227,Ashley Henderson,17414605-0,69,0,20050209,Repartidor,31
228,Charles Bryant,14766819-0,54,0,20100118,Repartidor,32
229,Emma Reyes,12661632-0,55,0,20210403,Repartidor,33
23,Matthew Evans,17906172-K,39,1,20030210,Chofer,34
230,Jared Wright,14356269-0,68,0,20060519,Repartidor,35
231,Lisa Zavala,11123024-0,34,0,20120625,Repartidor,36
232,Cindy Durham,12564796-K,27,1,20091106,Repartidor,37
233,Andre Becker,6854813-K,70,0,20190730,Jefe,96
234,Mike Jones,9177136-0,35,0,20140102,Repartidor,38
235,Brian Smith,16432191-0,79,0,20050801,Repartidor,39
236,Brittany White,6025369-K,61,1,20110326,Repartidor,40
237,Lisa Gardner,20790239-0,68,1,20150618,Repartidor,41
238,Heather Henry,20530866-0,56,1,20030710,Repartidor,42
239,Larry Barnes,13222334-K,62,0,20020630,Repartidor,43
24,Joseph Navarro,9416729-0,49,0,20191008,Chofer,44
240,Laura Simmons,13071653-K,46,0,20010407,Repartidor,45
241,Dawn Ford,14195509-K,36,0,20160825,Repartidor,46
242,Patrick Charles,7139317-0,25,1,20090925,Repartidor,47
243,David Lowe,16346846-K,46,1,20010119,Repartidor,48
244,Thomas Harrell,10599280-K,41,1,20010830,Repartidor,49
245,Elizabeth Davis,16436049-K,50,1,20101121,Repartidor,50
246,Mary Duncan,11240526-0,61,1,20101126,Repartidor,51
247,Hunter Allen,7573570-K,62,0,20150110,Repartidor,52
248,Patrick Bates,17494697-0,25,1,20150207,Repartidor,53
249,Miguel Lloyd,13742969-0,53,1,20071228,Repartidor,54
25,Allen Velez,17430773-0,39,0,20040630,Chofer,55
250,Colleen Harrison,13043596-0,35,0,20040221,Repartidor,56
251,Shawn Taylor,5653018-K,36,1,20021230,Repartidor,57
252,Katherine Phillips,14739622-0,65,1,20101213,Repartidor,58
253,Hannah Bennett,14951290-K,39,1,20020519,Repartidor,59
254,Joseph Mcintyre,19853248-K,43,0,20131017,Repartidor,60
255,Stephanie Beasley,19863193-0,31,1,20110903,Repartidor,61
256,Grace Martin,8512840-K,56,1,20200629,Repartidor,62
257,Jessica Torres,9222702-0,71,1,20041013,Repartidor,63
258,Bryan Conley,18515974-K,61,1,20040628,Repartidor,64
259,Crystal Pacheco,14584821-0,43,1,20190116,Repartidor,65
26,Brad Williams,17993872-0,37,1,20160305,Chofer,66
260,Veronica Arroyo,14681878-0,55,0,20140103,Repartidor,67
261,Stephen Peck,20182214-K,47,1,20160313,Repartidor,68
262,Justin Smith,12146597-K,27,1,20180601,Repartidor,69
263,Diane Koch,15818376-K,76,0,20000706,Jefe,6
264,Cristian Vargas,5392712-0,62,1,20221129,Repartidor,70
265,Taylor Payne,7931190-K,36,1,20170420,Repartidor,71
266,Jonathan Allen,11067151-0,30,1,20080515,Repartidor,72
267,Chris Jones,9602582-K,51,1,20180327,Repartidor,73
268,Mr. Victor Pratt,7413518-0,40,0,20220707,Repartidor,74
269,Crystal Chapman,17220749-0,42,1,20090301,Repartidor,75
27,Jennifer Pennington,13208639-K,77,1,20001113,Jefe,38
270,Dennis Hahn,11534872-0,64,0,20200502,Repartidor,76
271,Janet Romero,6157183-0,47,0,20221001,Repartidor,77
272,Kimberly Hall MD,17962497-K,76,0,20140612,Repartidor,78
273,Laurie Garcia,11226031-K,34,0,20200322,Repartidor,79
274,Danielle Navarro,7512451-K,31,0,20060727,Repartidor,80
275,Dennis Mayer,6864260-K,38,0,20020716,Repartidor,81
276,Rachel Peck,7711867-K,42,1,20061209,Repartidor,82
277,Steve Walker,7193231-0,53,1,20221219,Repartidor,83
278,Lorraine Hopkins,16526837-0,43,0,20220919,Jefe,15
279,Daniel Young,5076140-K,52,1,20011011,Repartidor,84
28,Debra Cooper,6304866-K,37,1,20101117,Chofer,85
280,Madeline Meyer,14044068-K,52,1,20091128,Repartidor,86
281,Tammy Chavez,16715947-0,42,1,20071110,Repartidor,87
282,Rebecca Holt,6130840-0,65,0,20111021,Repartidor,88
283,Antonio Collins,13553910-0,42,0,20010213,Repartidor,89
284,Scott Clayton,6715981-0,55,0,20110125,Repartidor,90
285,Chad Harris,19468154-0,43,0,20101123,Repartidor,91
286,William Holland,9718394-K,35,1,20001013,Repartidor,92
287,Gabriela Knight,8178816-K,49,0,20030429,Repartidor,93
288,Phyllis Nunez,11572348-0,32,1,20090206,Repartidor,94
289,Mark Francis,11241252-0,46,1,20150625,Repartidor,95
29,Andrea Martinez,7055656-K,64,0,20060809,Jefe,89
290,Timothy Edwards,19669545-K,45,0,20100716,Repartidor,96
291,Valerie Rhodes,5384451-0,58,0,20090130,Repartidor,97
292,James Davis,8070884-K,72,0,20100909,Repartidor,98
293,Jacob Hernandez,12925474-K,76,1,20120304,Repartidor,99
294,Kristen Green,18980855-K,27,0,20180620,Repartidor,100
295,Rebecca Yates,10992371-K,62,0,20050302,Repartidor,101
296,Heather Contreras,12609221-0,30,0,20140621,Repartidor,102
297,Thomas Garcia,19602887-0,58,0,20120520,Repartidor,0
298,Garrett Diaz,8534717-0,34,1,20190817,Repartidor,1
299,Eric Thomas,12837445-0,53,1,20180404,Repartidor,2
3,Brandy White,12544272-0,25,0,20110115,Chofer,3
30,Carlos Thompson,20290669-K,53,0,20070703,Chofer,4
300,James Frank,19717717-0,68,0,20201011,Repartidor,5
301,Debra King,17832095-0,80,1,20000716,Repartidor,6
302,Katherine Ramos,17277217-K,78,0,20220120,Repartidor,7
303,Joseph Larson,17656112-K,38,1,20200722,Jefe,92
304,Mark Walker,15023994-K,27,1,20111228,Repartidor,8
305,Andrea Harris,10534877-K,42,1,20210813,Repartidor,9
306,Janet Michael,8385235-0,31,1,20030919,Repartidor,10
307,Justin Baker,9073843-K,28,0,20170627,Repartidor,11
308,Anne Hunter,12848586-0,40,1,20100829,Repartidor,12
309,Cathy Moore,14977852-K,80,1,20140801,Repartidor,13
31,Erin Snyder,9338634-0,48,0,20020302,Chofer,14
310,Samantha Jimenez,11083794-0,35,1,20110527,Repartidor,15
311,Eric Nolan,7988400-0,78,1,20091108,Repartidor,16
312,Andrew Miller,18523082-K,53,1,20051117,Repartidor,17
313,Corey Neal Jr.,19579433-K,65,1,20080113,Jefe,91
314,Mr. James Brown,11923625-K,76,1,20101219,Repartidor,18
315,Jeffrey Riley,9238646-K,44,0,20061212,Repartidor,19
316,Maxwell Wilson,16359172-K,26,0,20211121,Repartidor,20
317,Susan Thompson,20800933-0,78,1,20020217,Repartidor,21
318,Amanda Vargas,9460399-0,56,1,20010811,Repartidor,22
319,Caitlin Jenkins,8045864-K,32,1,20091124,Repartidor,23
32,Catherine Osborn,9748485-0,64,1,20061229,Chofer,24
320,Steven Sanchez,7986818-K,80,1,20201205,Repartidor,25
321,Cody Webb,5849109-K,43,0,20090110,Repartidor,26
322,Angel Bradley,18534367-0,40,0,20101011,Repartidor,27
323,Johnny Walker,10278137-0,45,0,20050911,Repartidor,28
324,Linda Hurley,9625832-K,54,1,20030613,Repartidor,29
325,Laura Reid,6864289-0,33,1,20211019,Repartidor,30
326,Allen Stanley,18764856-0,46,0,20100331,Repartidor,31
327,Andrew Wilson,8983311-0,31,0,20060123,Repartidor,32
328,Kyle Fox,15300080-K,48,0,20221211,Jefe,4
329,David Hendrix,10899652-K,73,0,20080420,Repartidor,33
33,Gerald Norton,7898340-0,59,1,20201104,Chofer,34
330,Elizabeth Campbell,14337324-K,62,0,20100202,Repartidor,35
331,Brian Anderson,16362580-0,48,1,20190215,Repartidor,36
332,Logan Johnson,18245848-0,41,0,20120213,Repartidor,37
333,Laurie Miller,9762539-0,50,1,20090804,Repartidor,38
334,Zachary Smith,19229182-K,42,1,20220126,Repartidor,39
335,Jason Anderson,14124490-K,72,1,20220120,Repartidor,40
336,Joseph Molina,15327679-K,29,0,20190712,Repartidor,41
337,Charlene Cruz,18071483-0,45,1,20220327,Repartidor,42
338,Jacqueline Bryant,17461920-K,76,0,20181111,Repartidor,43
339,Timothy Duncan,16004271-0,31,1,20110523,Repartidor,44
34,Shawn Cobb,8014721-K,27,0,20100318,Chofer,45
340,Eric Nelson,9922153-K,60,0,20011205,Repartidor,46
341,Tiffany Johnson,12570303-0,54,0,20061123,Repartidor,47
342,Donna Johnson,7024359-0,59,0,20050310,Repartidor,48
343,Adrian Ashley,20084679-K,36,1,20190902,Repartidor,49
344,Adam Elliott,16106889-0,69,0,20090117,Repartidor,50
345,Alexandra Casey,18318263-0,65,0,20040201,Repartidor,51
346,Susan Long MD,19345868-0,48,0,20141115,Repartidor,52
347,Melissa Williamson,17613901-0,38,0,20210323,Repartidor,53
348,Brent Cox,18285581-K,36,0,20160120,Repartidor,54
349,Ariel Tran,15461254-0,25,1,20080924,Repartidor,55
35,Joshua Freeman,18598728-K,65,1,20210801,Chofer,56
350,Alec Clark,16036563-0,57,1,20060515,Repartidor,57
351,Sara Morales,6163434-K,74,0,20030624,Repartidor,58
352,Jeffrey Rivera,11083005-K,68,1,20070829,Repartidor,59
353,Natalie Carpenter,7845542-0,42,1,20200119,Repartidor,60
354,Elizabeth Scott,16040561-K,41,0,20100212,Repartidor,61
355,Tracy Cox,16783842-K,27,0,20171110,Repartidor,62
356,Louis Santiago,13621705-K,65,1,20100219,Repartidor,63
357,Paul Trujillo,12300704-K,65,1,20180813,Repartidor,64
358,Richard Becker,17893973-K,50,1,20080628,Repartidor,65
359,Dr. Nicole Martinez,8706494-K,29,1,20150416,Repartidor,66
36,Jeffrey Patel,7608502-0,39,1,20151207,Chofer,67
360,Steven Williams,9198704-0,79,1,20091202,Repartidor,68
361,Seth Beck,18199220-0,72,0,20021027,Repartidor,69
362,Paula Wright,12229669-K,30,1,20200316,Repartidor,70
363,Heidi Hawkins,19467125-0,55,0,20081006,Jefe,51
364,Renee Dominguez,20681009-K,51,0,20160103,Repartidor,71
365,Christopher Calderon,14866322-K,25,1,20171009,Repartidor,72
366,Michael Gilmore,13183935-K,78,1,20170927,Repartidor,73
367,Dana Wells,14510373-0,65,1,20020729,Repartidor,74
368,Robert Davis,19717224-0,64,1,20130529,Repartidor,75
369,Jessica Velazquez,19001010-K,52,1,20190513,Jefe,71
37,Mrs. Angela Smith,19591644-K,30,1,20171225,Chofer,76
370,Maureen Sosa,8072908-0,53,0,20190622,Repartidor,77
371,Anita Vazquez,20891729-K,68,1,20200403,Jefe,30
372,Jacqueline Church,17080717-K,34,0,20140531,Repartidor,78
373,Linda Hernandez,12885481-K,28,1,20130226,Repartidor,79
374,John Carpenter,13895119-K,80,1,20200822,Repartidor,80
375,Timothy Santos,6721930-K,77,1,20190523,Repartidor,81
376,Brittany Lopez,19191681-0,63,0,20030922,Jefe,58
377,William Goodman PhD,9358853-0,55,0,20081116,Repartidor,82
378,Brett Jenkins,8356522-K,29,1,20130808,Repartidor,83
379,Christina Ayala,16486259-0,34,1,20070527,Repartidor,84
38,Luke Mitchell,6688487-K,43,0,20141202,Jefe,41
380,Johnathan Arnold,17181086-K,75,0,20010103,Repartidor,85
381,Melinda Green,5443759-K,30,0,20190210,Repartidor,86
382,Denise Patterson,9080524-0,74,1,20010710,Repartidor,87
383,Laura Bryan,18046795-K,36,1,20011025,Repartidor,88
384,Kevin Adams,17341048-0,35,1,20060908,Repartidor,89
385,Diana Kim,6864442-K,60,0,20030906,Repartidor,90
386,Richard Alvarado,14957203-0,55,0,20171209,Repartidor,91
387,Benjamin Bryant,8795444-K,58,0,20130225,Repartidor,92
388,Joanna Rollins,5549271-0,47,1,20130620,Repartidor,93
389,Tina Williams,12647712-0,43,0,20150221,Repartidor,94
39,Crystal Hoffman,11125464-0,78,0,20060704,Chofer,95
390,Rebecca Martinez DVM,7359814-0,80,1,20170213,Repartidor,96
391,Douglas Price,17644992-0,53,1,20010503,Jefe,102
392,Mr. Brian Owens MD,12926056-0,45,0,20190715,Repartidor,97
393,Justin Matthews,14045597-0,77,0,20090811,Repartidor,98
394,Jose Miller,7050030-K,71,0,20000417,Repartidor,99
395,Sarah Jones,13164718-0,37,1,20131023,Repartidor,100
396,Lisa Ortiz,11604177-0,56,1,20110917,Repartidor,101
397,Margaret Simon,6067492-0,53,1,20111024,Repartidor,102
398,Kathy Knight,13285047-0,27,1,20220526,Repartidor,0
399,Logan Mason,14712930-K,47,1,20110210,Repartidor,1
4,Matthew Harris,18601007-0,68,0,20000522,Chofer,2
40,Crystal Walker,13410114-0,39,1,20111218,Chofer,3
400,Michael Mendoza,13396474-0,26,0,20020802,Repartidor,4
401,Matthew Noble,19890115-0,37,1,20120220,Repartidor,5
402,Monica Spears,10903842-0,31,0,20221218,Repartidor,6
403,Alexandra Weaver,12736069-0,30,1,20160814,Repartidor,7
404,Zachary Montoya,13257238-0,38,1,20001006,Repartidor,8
405,Brianna Baker,5083956-K,44,0,20110204,Repartidor,9
406,Patricia Wilson,14299350-0,34,0,20220408,Repartidor,10
407,Rebecca Stephens,9741115-0,52,0,20050602,Repartidor,11
408,Mrs. Nicole Turner,16474184-0,69,1,20170616,Repartidor,12
409,Christie Farmer,8748808-K,73,0,20160302,Repartidor,13
41,Tina Cox,12616242-K,72,1,20040131,Chofer,14
410,Lori Miller,5964329-K,28,0,20200410,Repartidor,15
411,James Simmons,19018693-K,72,1,20040907,Repartidor,16
412,Diana Carroll,9069690-0,52,0,20200125,Repartidor,17
413,Catherine Moore,20444179-K,31,0,20090408,Repartidor,18
414,Mr. Robert Gonzalez,6128928-K,57,1,20061120,Repartidor,19
415,Herbert Mullen,19775867-K,30,0,20070422,Repartidor,20
416,Anthony Woods,14279660-0,73,1,20040723,Repartidor,21
417,Chris Garcia,11483262-0,38,0,20160513,Repartidor,22
418,David Green,20107467-0,38,0,20000323,Repartidor,23
419,Laura Barnett,15395237-0,48,1,20060604,Repartidor,24
42,Kimberly Lee,10844937-0,29,0,20200802,Chofer,25
420,Katie Castro,20300979-K,70,1,20040120,Repartidor,26
421,Alyssa Gibson,13056356-K,58,0,20020127,Repartidor,27
422,Dakota Wilson,20189351-K,28,0,20020817,Jefe,27
423,Anthony Sullivan,13637233-0,49,0,20160728,Repartidor,28
424,Dean Reed,19858684-0,52,1,20190413,Repartidor,29
425,Patricia Gray DVM,13758957-K,72,1,20191202,Repartidor,30
426,Nathan Powell,14759333-0,54,0,20000812,Repartidor,31
427,Taylor Robertson,8638512-0,67,1,20110528,Repartidor,32
428,Alexander Evans,11757014-0,31,1,20020703,Repartidor,33
429,Jamie Butler,16275340-0,41,0,20111204,Repartidor,34
43,Gabriel Walker,20325395-0,29,0,20170109,Chofer,35
430,Jose Garcia,16000088-0,79,0,20220820,Repartidor,36
431,Chelsey Johnson,7545876-K,27,1,20190329,Repartidor,37
432,Brian Jones,10955225-K,44,0,20191013,Repartidor,38
433,James Watson,12916807-0,58,0,20170610,Repartidor,39
434,Betty Allen,13757089-K,53,1,20111013,Repartidor,40
435,Dominic Bryan,10659444-0,76,1,20160329,Repartidor,41
436,Nicole Wilson,9095383-0,45,1,20220719,Repartidor,42
437,Clifford Christensen,19472433-0,78,0,20090302,Repartidor,43
438,Jonathan Norman,13311454-K,45,1,20140420,Repartidor,44
439,Janice Hughes,15739248-0,80,0,20000407,Repartidor,45
44,Justin Ingram,9186153-0,60,0,20150724,Jefe,14
440,Lisa Hoffman,14113202-K,70,0,20020410,Repartidor,46
441,Christopher Lara,19149717-0,66,0,20050928,Repartidor,47
442,Patrick Solomon,12850283-K,59,1,20021204,Jefe,45
443,Elizabeth Simmons,6431203-K,80,0,20051118,Repartidor,48
444,Rebecca Massey,10513056-K,56,1,20050204,Jefe,54
445,Jennifer Richmond,13434163-K,73,1,20161001,Repartidor,49
446,Jeffrey Dawson,20684556-K,50,1,20010426,Jefe,76
447,Nathan Jones,6711974-0,28,0,20070614,Jefe,68
448,Kristen Anderson,7810543-0,42,0,20170917,Repartidor,50
449,Mark Cardenas,10282808-0,68,0,20170706,Repartidor,51
45,Timothy Stone,13562585-K,63,1,20000928,Chofer,52
450,Heather Smith,9769315-0,51,0,20020605,Repartidor,53
451,Eric Barrett,7685564-K,75,0,20051217,Repartidor,54
452,Cynthia Harris,16511191-0,46,1,20031020,Repartidor,55
453,Patricia Smith,6394854-0,47,0,20040120,Repartidor,56
454,William Thomas,19141378-K,58,0,20060702,Repartidor,57
455,Joshua Martin,16187745-K,58,1,20180412,Repartidor,58
456,Jamie Hammond,7177320-K,29,0,20060417,Repartidor,59
457,Anthony Anderson,8835275-K,63,0,20001027,Repartidor,60
458,John Hernandez,15703870-0,55,0,20170205,Repartidor,61
459,Brenda Lee,19423566-0,49,1,20201227,Jefe,11
46,Jacob Miller,17856172-K,76,1,20000807,Chofer,62
460,Amber Bowen,7920377-0,63,0,20091025,Repartidor,63
461,David Rivera,18425527-0,79,0,20171114,Repartidor,64
462,Katrina Blackwell,13937021-0,29,0,20001221,Repartidor,65
463,Tiffany Meyers,20992757-K,45,0,20181228,Repartidor,66
464,Martha Johnson,17519124-K,78,0,20220805,Repartidor,67
465,Taylor Ramirez,18160830-K,42,0,20031021,Repartidor,68
466,William Wilson,13868850-0,51,1,20031002,Repartidor,69
467,Julie Wilson,9562839-0,31,1,20221031,Repartidor,70
468,John Bowers,10101579-K,33,1,20151004,Repartidor,71
469,Jonathan Villa,8599316-0,58,0,20200531,Repartidor,72
47,Lisa Duncan,14769510-K,31,1,20180908,Chofer,73
470,Jacob Richard,14697276-K,39,0,20110913,Repartidor,74
471,Kimberly Morales,10643788-K,68,1,20190519,Jefe,39
472,Kimberly Pierce MD,19509856-0,67,0,20040329,Repartidor,75
473,Todd Mason,10948195-K,44,0,20051017,Repartidor,76
474,Kelli Stephenson,6904320-K,48,1,20220213,Repartidor,77
475,Justin Burnett,10222006-0,37,0,20201218,Repartidor,78
476,Kari Wolfe,15336542-0,65,1,20010813,Repartidor,79
477,Vincent Lewis,19738685-K,36,1,20100910,Repartidor,80
478,Susan Mcdonald,11244391-K,41,0,20190505,Repartidor,81
479,Annette Johnson,19968144-0,28,1,20100314,Repartidor,82
48,Michael Simon,13833588-0,61,1,20170405,Chofer,83
480,Paul Johnson,11918230-K,27,1,20060709,Repartidor,84
481,Brandon Porter,19600846-K,52,1,20200708,Repartidor,85
482,James Chang,8831894-K,71,0,20110302,Repartidor,86
483,Steven Webb,13594430-K,39,1,20020906,Jefe,88
484,Ricky Torres,10303485-0,52,0,20040806,Jefe,67
485,Cheryl Allen,11133042-K,55,1,20040904,Repartidor,87
486,Jordan Murphy,20231249-K,65,1,20161103,Repartidor,88
487,Christopher Murray,8106340-K,48,0,20020724,Repartidor,89
488,Claire Burns,11858183-0,25,1,20110404,Repartidor,90
489,Sara Mccarthy,13676308-0,61,1,20190626,Repartidor,91
49,Brianna Foster,10615428-0,76,1,20190414,Jefe,1
490,Alan Torres Jr.,18725236-K,43,0,20110523,Repartidor,92
491,Jessica Cox,10780054-K,36,1,20210103,Jefe,7
492,Shelby Morgan,13676253-K,74,0,20050322,Repartidor,93
493,Andrea Serrano,16615210-0,75,1,20030217,Repartidor,94
494,Mr. Juan Reynolds,8266338-0,56,0,20000707,Repartidor,95
495,Jamie Brown,17003266-K,47,1,20110419,Repartidor,96
496,Kristine Shaw,14417050-K,35,0,20191101,Repartidor,97
497,Jeffrey Johnson,11671817-K,34,0,20050119,Repartidor,98
498,Amy Oconnell,16939615-0,79,1,20130926,Jefe,12
499,Matthew Burch,18688690-0,36,1,20030422,Repartidor,99
5,Sarah Bradley,6680013-K,38,1,20091212,Chofer,100
50,Brandon Wilkinson,8014932-0,71,0,20130714,Chofer,101
500,Matthew Rodriguez,9984984-0,61,0,20210205,Empleado,102
501,Robert Fox,9049700-0,36,1,20131028,Empleado,0
502,Greg Romero,6168645-K,47,1,20170810,Empleado,1
503,Christopher Jennings,10470611-K,65,1,20130602,Empleado,2
504,Caitlin Harris,15437358-0,63,1,20151028,Empleado,3
505,Heidi Morse,7787314-K,33,1,20121211,Empleado,4
506,Ashley Jones,12942988-0,51,1,20170505,Empleado,5
507,Stephanie Cox MD,17172657-K,57,1,20030711,Empleado,6
508,Micheal Obrien,9317970-0,79,0,20210530,Jefe,26
509,Victoria Adams,19852306-K,37,1,20000311,Empleado,7
51,Christopher Garner,5529587-K,69,0,20030409,Chofer,8
510,Daniel Wilson,20849220-0,57,0,20100922,Empleado,9
511,Daniel Chavez,20024243-K,74,1,20150523,Empleado,10
512,Jasmine Valenzuela,17952828-0,39,1,20180506,Empleado,11
513,Laura Mitchell,14888448-K,47,1,20220819,Empleado,12
514,Bryan Stewart,18888657-0,76,1,20170121,Empleado,13
515,Kimberly Tran,5896101-0,29,1,20070802,Empleado,14
516,Alex Taylor,8756579-K,80,0,20010127,Empleado,15
517,Eric Ayers,7560691-0,69,1,20150302,Empleado,16
518,Timothy Booth,15809114-0,47,0,20150501,Jefe,55
519,Catherine Williams,10409666-K,74,1,20150510,Jefe,10
52,Vincent Tapia,5301468-0,69,0,20210613,Chofer,17
520,Tiffany Murray,11875970-K,40,1,20120120,Empleado,18
521,Stephen Pearson,13021920-K,29,0,20111020,Empleado,19
522,Jesse Smith,15062917-K,80,0,20141116,Empleado,20
523,Kimberly Lindsey,20999907-0,62,1,20170312,Empleado,21
524,Joseph Lee,18697634-0,70,1,20120808,Empleado,22
525,Cassandra Boyd,14696801-0,59,1,20220210,Empleado,23
526,John Taylor,18019599-K,35,0,20040620,Empleado,24
527,Brenda Thompson,18080562-K,36,0,20020724,Empleado,25
528,Michael Gill,5447603-0,61,1,20180520,Empleado,26
529,Michael Peterson,15557692-0,58,1,20001020,Empleado,27
53,David Hernandez,9718317-0,46,1,20210728,Jefe,75
530,Gordon Garrison,10492945-0,47,1,20170511,Empleado,28
531,Matthew Wallace,8955208-K,39,1,20190629,Empleado,29
532,Thomas Rose,18372611-K,80,1,20091214,Empleado,30
533,Chad Davis,12949775-K,30,0,20060606,Empleado,31
534,Tracy Smith,7357312-0,56,0,20170904,Empleado,32
535,Kevin Nguyen,11455213-K,72,0,20121228,Empleado,33
536,Jesus Harris,8599109-K,42,0,20011214,Empleado,34
537,Jasmine Gibson,19508587-0,73,1,20210225,Empleado,35
538,Joshua Ferguson,18724030-0,76,0,20040918,Jefe,13
539,Carrie Price,9797828-K,34,0,20130118,Empleado,36
54,Terry Peck,9027478-K,44,0,20200120,Chofer,37
540,Noah Brown,5181445-0,33,1,20030410,Jefe,2
541,Daniel Frazier,17449727-K,58,1,20171221,Empleado,38
542,Krista Harrell,9305300-0,68,0,20150628,Empleado,39
543,Mitchell Peterson,13881147-K,41,0,20140909,Empleado,40
544,Sara Thompson,9415732-K,33,1,20020123,Empleado,41
545,Randy Herrera,9413059-0,58,1,20090225,Empleado,42
546,Joy Gutierrez,14470130-0,34,0,20081201,Empleado,43
547,Jeffrey Smith,7930880-0,38,0,20030930,Empleado,44
548,Courtney Baker,14686433-0,60,1,20080830,Empleado,45
549,Terry Scott,14075421-K,45,1,20050329,Empleado,46
55,Kyle Estes,6098456-0,41,0,20050311,Chofer,47
550,Gregory Dickson,15463110-0,37,1,20060707,Empleado,48
551,Charles Berg,18007773-0,43,0,20220922,Empleado,49
552,Robin Lee,18061213-0,47,1,20070305,Empleado,50
553,Adrian Miller,15946593-K,31,1,20000830,Empleado,51
554,Joe Williams,12061683-0,46,1,20020828,Empleado,52
555,Jeffery Little,5849924-0,72,0,20111229,Empleado,53
556,Kyle Meadows,13517709-0,56,0,20050930,Empleado,54
557,Jesse Mullen,13306250-K,77,1,20170811,Jefe,22
558,Erica Nichols,10706510-K,58,1,20051228,Empleado,55
559,Rachael Stark,20214354-0,62,1,20010620,Empleado,56
56,Maria Smith,5009338-K,75,1,20200714,Chofer,57
560,Holly Robinson MD,10261648-0,41,0,20140420,Empleado,58
561,Bryan Montes,8571222-0,77,0,20010910,Empleado,59
562,Carl Pruitt,17025959-K,33,0,20060626,Empleado,60
563,Douglas Brown,20444512-K,69,1,20070730,Empleado,61
564,Julie Pacheco,8591522-K,45,0,20160224,Empleado,62
565,Sherry Gonzales,20417886-K,54,1,20091001,Empleado,63
566,Cynthia Miller,8114727-0,75,1,20151118,Empleado,64
567,Craig Parker,15275663-0,25,1,20060323,Empleado,65
568,Tanya Singh,15748261-K,36,1,20050921,Empleado,66
569,Thomas Rivera,18490637-0,54,0,20121219,Empleado,67
57,Patricia Bradley,17834704-0,39,0,20111021,Chofer,68
570,Samantha Perez,18691569-0,51,0,20010529,Empleado,69
571,Laurie Owen,5247370-K,62,1,20000518,Jefe,86
572,Ryan Gordon,6559028-K,27,1,20181202,Empleado,70
573,Shannon Nelson,11699475-0,47,1,20020106,Empleado,71
574,Kelsey Benjamin,20756614-0,48,0,20151118,Empleado,72
575,Michael Noble,14938401-K,78,0,20160109,Empleado,73
576,Michael Herrera,8658367-0,66,0,20121029,Empleado,74
577,Laura Myers,7278150-0,73,0,20020801,Jefe,3
578,Casey Mcclure,8487286-K,73,0,20091220,Empleado,75
579,Timothy Harris,13264501-K,49,1,20021201,Empleado,76
58,Holly Goodwin,7369925-0,74,1,20050518,Jefe,47
580,Robert Goodwin,6227627-K,64,1,20031123,Empleado,77
581,Vernon Gray,11679685-K,78,1,20210702,Empleado,78
582,Curtis Shepard,5251708-K,76,1,20041026,Empleado,79
583,Rodney Green Jr.,18424611-0,38,0,20131003,Empleado,80
584,Travis Welch,18816500-0,56,0,20010128,Empleado,81
585,Kelly Stephens,6195297-K,50,1,20211219,Empleado,82
586,Scott Randolph,16377919-K,27,0,20080310,Jefe,62
587,Trevor Boone,7326012-0,72,0,20141208,Empleado,83
588,Katie Smith,12136653-K,42,0,20061208,Empleado,84
589,Cody Leblanc,7987922-0,71,1,20200514,Empleado,85
59,Jennifer Walters,11858942-K,46,1,20130803,Chofer,86
590,Samuel Thompson,12747158-0,50,0,20190814,Empleado,87
591,Julie Brown,6534671-0,26,0,20220122,Empleado,88
592,Connie Alvarez,12999026-0,65,1,20160420,Empleado,89
593,Andrew Miller,15944585-K,75,0,20010506,Empleado,90
594,Caitlin Martin,13869896-K,47,1,20221006,Empleado,91
595,Dr. Claire Lopez,20282425-K,26,1,20050427,Empleado,92
596,Mrs. Brandi Padilla,10491449-0,66,1,20040105,Empleado,93
597,Wendy Nichols,7335270-K,56,0,20141105,Empleado,94
598,William Taylor,7026005-K,45,1,20080704,Empleado,95
599,Karen Fuentes,10929688-0,78,1,20100901,Empleado,96
6,Casey Garcia,20035106-0,62,1,20221015,Chofer,97
60,Vicki Jordan,20759590-K,42,0,20060306,Chofer,98
600,Thomas Mcknight,15197412-K,69,1,20060626,Jefe,94
601,Robert Fisher,20524452-0,68,1,20040318,Jefe,81
602,Alexis Cooper,5288385-K,68,1,20150704,Empleado,99
603,Allison Combs,9658762-K,49,0,20080316,Empleado,100
604,Robin Hale,6166851-0,59,0,20160706,Empleado,101
605,Brandon Olsen,18833116-K,36,1,20010604,Jefe,46
606,Jessica Sanchez,17222105-0,80,1,20100529,Empleado,102
607,Brian Green,15219544-0,67,1,20050113,Empleado,0
608,Sabrina Lamb,6206152-0,66,0,20151030,Empleado,1
609,Jennifer Diaz,15620894-K,63,0,20110506,Jefe,80
61,Jacob Gentry,19764786-0,32,0,20200410,Chofer,2
610,Michelle Wilson,8321479-K,54,0,20111031,Empleado,3
611,Victor Anthony,8544073-K,32,0,20100407,Empleado,4
612,Robert Harrison,9536753-K,47,0,20220504,Empleado,5
613,Frank Obrien,7722595-0,77,1,20021209,Empleado,6
614,Dwayne Turner,6277005-0,66,1,20220928,Empleado,7
615,Fernando Hernandez,17257400-K,27,0,20011123,Empleado,8
616,Gabriella Delgado,12338739-K,80,0,20010928,Empleado,9
617,Jessica Walker,15487599-0,50,0,20210825,Empleado,10
618,Ann Roberts,17146372-0,73,0,20160725,Empleado,11
619,Peter Cardenas,5781686-K,46,1,20090302,Empleado,12
62,Monique Rodriguez,18426406-K,58,1,20020507,Chofer,13
620,Cynthia Spence,6652887-0,32,0,20090621,Empleado,14
621,Adrienne Smith,13359480-K,57,0,20010813,Empleado,15
622,Jeffrey Bowen,13543600-0,41,0,20070127,Jefe,60
623,Andrew Gallagher,19801492-K,53,0,20221209,Empleado,16
624,Stephanie Johnson,15754021-0,69,0,20090120,Empleado,17
625,Edgar Franklin,17072098-0,74,0,20010216,Empleado,18
626,Matthew Zimmerman,15273049-0,33,0,20070911,Empleado,19
627,Holly Elliott,9856379-K,51,0,20180430,Jefe,83
628,Robert Sawyer,19456317-K,68,1,20121022,Empleado,20
629,Sandra Osborne,17185444-0,37,0,20170410,Empleado,21
63,Darren Ward,13670872-0,46,1,20210730,Jefe,48
630,Melissa Lee,16681730-K,36,1,20090105,Empleado,22
631,Erin Mills,15885250-0,38,1,20160522,Empleado,23
632,Rhonda Martin,14580827-K,52,0,20110718,Empleado,24
633,James Baker,18405361-0,56,0,20050418,Empleado,25
634,Tammy Love,13366662-0,44,1,20050325,Empleado,26
635,Melissa Roberts,12682128-K,42,0,20010810,Empleado,27
636,Carlos Berg MD,14932133-0,59,1,20091204,Jefe,19
637,Noah Cardenas,14890684-0,39,1,20150629,Empleado,28
638,Devin Mcdaniel,17440525-K,57,0,20210527,Empleado,29
639,Stephanie Boone,10438978-K,62,1,20201215,Empleado,30
64,William Pratt,8982172-0,67,1,20060129,Chofer,31
640,John Rodriguez,11618962-0,53,1,20110225,Empleado,32
641,Debra Green,6692439-K,53,1,20170811,Empleado,33
642,Mr. Gabriel Jones MD,7866413-0,78,1,20050606,Empleado,34
643,Reginald Robertson,14072708-K,76,1,20171013,Jefe,34
644,Troy Wiley,11855791-0,44,0,20000320,Empleado,35
645,Darren Zamora,10887729-K,54,1,20021221,Empleado,36
646,Sarah Gardner,18788917-K,55,1,20150911,Empleado,37
647,Amy Bell,20634816-K,48,0,20070703,Empleado,38
648,Sara Kelley,5413390-0,28,1,20200328,Empleado,39
649,James Lee,5253876-0,70,0,20001121,Jefe,56
65,Denise Peck,6131258-K,26,0,20120318,Chofer,40
650,Ashley Molina,5680093-K,67,1,20191107,Empleado,41
651,Bryan Doyle,13082121-0,65,0,20130214,Empleado,42
652,Donna Holder,20161058-K,40,0,20010922,Empleado,43
653,Deborah Parsons,11225967-0,60,0,20220605,Empleado,44
654,Lindsey Garcia,13565121-K,25,1,20060924,Empleado,45
655,Adam Moore,12212897-0,58,1,20070910,Jefe,65
656,Nathan Paul,12798555-K,28,1,20001007,Empleado,46
657,Lori Reyes,20913571-K,59,1,20160129,Empleado,47
658,Matthew Rodriguez,12182143-K,56,1,20140104,Empleado,48
659,David Wilcox,18214359-K,56,0,20010319,Empleado,49
66,Patrick Bell,9438571-K,35,0,20171114,Chofer,50
660,David Sharp,11920693-K,59,1,20130419,Empleado,51
661,Craig Sullivan,11929189-K,67,0,20010416,Empleado,52
662,Christopher Moore,18034963-K,64,0,20210729,Empleado,53
663,Joel Castillo,5874472-K,36,0,20190427,Empleado,54
664,Stephen Smith,5599766-K,47,0,20170102,Empleado,55
665,Andrew Murray,8306761-K,26,1,20021122,Empleado,56
666,Alicia Roy,20668981-K,50,1,20220711,Empleado,57
667,Randy Turner,11256308-K,47,1,20091221,Empleado,58
668,Crystal Johnson,13500649-K,77,1,20210607,Empleado,59
669,Christina Hampton,9036201-K,67,0,20020624,Jefe,85
67,Christian Villarreal,17049452-K,54,1,20030903,Chofer,60
670,Jennifer Mcknight,9021017-0,59,1,20100613,Empleado,61
671,Jose Lee,20703632-0,26,0,20050516,Empleado,62
672,Cassandra Contreras,10453192-0,50,0,20120430,Empleado,63
673,Joshua Christian,15842717-K,57,1,20090214,Empleado,64
674,Laurie Roy,12395391-K,67,0,20151106,Empleado,65
675,Nancy Lee,9712031-K,64,1,20190901,Empleado,66
676,Karen Kramer DVM,16808647-0,40,0,20141113,Empleado,67
677,Pamela Hughes,7877836-0,71,1,20080819,Empleado,68
678,Cindy Fisher,7358119-0,52,1,20180315,Empleado,69
679,Jessica Atkinson,15918817-0,36,1,20180415,Empleado,70
68,Dawn Sosa,13393483-0,28,0,20220621,Chofer,71
680,Katherine Diaz,9528330-0,66,0,20090329,Empleado,72
681,Rhonda Stevenson,14312329-K,30,0,20131210,Empleado,73
682,Ashley Curtis,10886253-0,27,0,20001022,Empleado,74
683,Jade Butler,15469576-K,56,0,20010805,Empleado,75
684,Connie Watkins,8821386-K,40,0,20050421,Empleado,76
685,Courtney Brewer,17881618-0,47,1,20020628,Empleado,77
686,Yolanda Moore,20938890-K,73,0,20200222,Jefe,59
687,April Mills,20483508-K,74,0,20140615,Empleado,78
688,Tracy Allen,7045609-0,37,0,20100920,Empleado,79
689,John Archer,15186908-0,80,0,20100704,Empleado,80
69,Brittany Poole,11761598-K,72,0,20191222,Chofer,81
690,Donna Gomez,12762799-0,78,0,20050923,Empleado,82
691,Brandon White,10623037-0,71,1,20101224,Empleado,83
692,James Winters,13727156-K,25,1,20141217,Empleado,84
693,Nicole Gay,14293018-0,75,1,20040829,Empleado,85
694,Shelly Pratt,5282546-K,53,0,20080610,Empleado,86
695,Ashley Jordan,6630227-0,80,0,20030529,Empleado,87
696,Alexa Powell,10685251-0,48,1,20030320,Jefe,42
697,Katelyn Woods,7830895-0,49,1,20090913,Empleado,88
698,Diana Carey,18609500-0,45,0,20051016,Empleado,89
699,Sharon Butler,6498809-0,71,1,20020708,Empleado,90
7,Tracy Vargas,7059485-K,72,1,20141026,Chofer,91
70,Susan Edwards,16453073-K,30,0,20060717,Jefe,74
700,Troy Proctor,5385558-0,74,1,20150616,Empleado,92
701,Curtis Bradford,6925368-0,75,1,20160711,Empleado,93
702,Carl Davis,12366565-K,48,1,20160628,Empleado,94
703,Terry Dennis,10876386-0,45,0,20210517,Empleado,95
704,Christopher Kelly,10915393-K,30,1,20080323,Empleado,96
705,Kenneth Adams,16123147-0,79,1,20170307,Empleado,97
706,April Freeman,12209910-0,72,1,20070827,Empleado,98
707,Samantha Andrews,17924534-0,59,1,20220831,Empleado,99
708,Robert Richardson,11870422-K,75,0,20140106,Empleado,100
709,Julie French,14762999-0,43,1,20111215,Empleado,101
71,Courtney Lee,17799588-K,68,0,20200115,Chofer,102
710,Julie Little,20414913-0,35,1,20010831,Empleado,0
711,Richard Nguyen,7628795-0,62,0,20041113,Empleado,1
712,Tracy Robles,9683105-K,59,0,20021201,Empleado,2
713,Julia Marks,12505681-K,53,1,20180208,Empleado,3
714,Steven Ramirez,11240960-0,38,1,20100811,Jefe,18
715,Emily Doyle,8703081-0,51,1,20000915,Empleado,4
716,Matthew Jimenez,11251836-0,35,1,20011002,Empleado,5
717,Elaine Coleman,17003542-0,48,1,20171021,Empleado,6
718,Juan Logan,11791764-0,45,1,20221019,Empleado,7
719,Mark Herrera,12261963-0,49,1,20191126,Empleado,8
72,Lisa Allen,11659189-0,27,0,20000922,Chofer,9
720,Virginia Brooks,14879761-K,53,0,20060702,Empleado,10
721,Monica Malone,19025211-0,31,0,20130503,Empleado,11
722,Terry Cherry,18369352-0,28,1,20170419,Jefe,16
723,Christopher Wagner,8473592-K,54,1,20160224,Empleado,12
724,Thomas Long,18549656-K,63,1,20040811,Empleado,13
725,Kiara Roman,10023766-K,44,0,20210614,Empleado,14
726,Brandon Obrien,18137416-K,62,0,20090424,Empleado,15
727,Kevin Marsh Jr.,12810149-K,40,0,20120213,Empleado,16
728,Victor Cunningham,14320981-0,60,1,20020327,Empleado,17
729,Mrs. Jean Thomas,13584383-0,39,1,20131009,Empleado,18
73,Christopher Campbell,16386573-K,77,0,20151203,Chofer,19
730,Cynthia Bryant,18826166-0,65,1,20130527,Empleado,20
731,Thomas Reyes,18672026-0,65,0,20031007,Empleado,21
732,Amy Silva,14446118-0,25,0,20220302,Empleado,22
733,Anthony Salazar,19657129-0,39,1,20160905,Empleado,23
734,Jose Herrera,18278529-0,63,1,20220902,Empleado,24
735,Brianna Moon,14453346-0,43,1,20060531,Empleado,25
736,Jeremiah Galvan,8157496-K,46,0,20060717,Empleado,26
737,Scott Wilson,7491714-K,38,1,20001112,Jefe,87
738,Henry Miller,15368875-0,25,0,20020427,Empleado,27
739,Sara Bartlett,14033401-0,64,1,20011018,Empleado,28
74,Tara Wolf,17907999-K,61,0,20101126,Chofer,29
740,Tyler Shea,19944356-K,36,1,20121202,Empleado,30
741,William Carlson,20683912-K,33,1,20211012,Empleado,31
742,Pamela Camacho,16736488-0,27,1,20051101,Jefe,21
743,Sarah Cruz,8194506-0,65,0,20130609,Empleado,32
744,Charlotte Paul,15744195-K,80,0,20130328,Empleado,33
745,Mr. Keith Carlson,5370917-K,42,1,20050726,Empleado,34
746,Victoria Cole,5597571-0,79,0,20201006,Empleado,35
747,Christopher Chavez,14620003-0,38,0,20050202,Empleado,36
748,Kyle Pace,18003138-K,50,1,20011106,Empleado,37
749,Angela Harris,7855942-K,44,1,20060128,Empleado,38
75,Andrew Avila,19952799-K,32,0,20160815,Chofer,39
750,Amanda Torres,11155216-K,75,0,20001115,Jefe,70
751,Elizabeth Cline,9932964-K,50,1,20150829,Empleado,40
752,Theresa Flores,13709306-K,36,0,20130430,Empleado,41
753,Kimberly Stewart,11673014-0,78,0,20200719,Empleado,42
754,Terri Knight,8105936-K,69,1,20161113,Jefe,99
755,Joshua Miller,15952688-0,47,0,20050325,Empleado,43
756,Daniel Hayes,17666809-K,64,0,20191113,Empleado,44
757,Debra Palmer,6280764-0,61,0,20221202,Empleado,45
758,Eric Le,13805602-K,44,1,20220729,Empleado,46
759,Laura Sanders,19105893-0,64,0,20000719,Empleado,47
76,Jacob Cruz,16335891-0,78,1,20220826,Chofer,48
760,Anita Summers,7005408-0,28,0,20080919,Empleado,49
761,John White,10848692-K,71,1,20141215,Empleado,50
762,Devin Murray,10709412-K,67,0,20030114,Empleado,51
763,David Arnold,5667506-0,72,1,20150828,Empleado,52
764,Christopher Cook,14096643-0,28,0,20191231,Empleado,53
765,Aaron Leonard,13253334-0,30,0,20120531,Jefe,29
766,Suzanne Montoya,14988714-0,60,1,20160127,Empleado,54
767,Brian Wilson,18194955-K,46,1,20150518,Empleado,55
768,Robert Johnson,12543410-0,51,1,20220108,Empleado,56
769,James Rodriguez Jr.,15548132-0,67,1,20130302,Empleado,57
77,Jonathan Roy,17816368-0,40,0,20010604,Chofer,58
770,Joshua Short,6278021-0,43,1,20031017,Empleado,59
771,Samantha Lester,5546185-K,51,0,20140807,Empleado,60
772,Tom Lindsey,7102055-K,25,1,20211023,Jefe,40
773,Stacy Hernandez,17253276-K,53,0,20120319,Empleado,61
774,Courtney Shannon,9884844-0,54,0,20080216,Jefe,20
775,Amanda Tran,13363803-0,38,1,20000711,Empleado,62
776,Robert Anderson,12054478-K,45,0,20050509,Empleado,63
777,Eric Barnes,5765110-K,28,0,20161005,Empleado,64
778,Douglas Smith,6321996-K,71,0,20130521,Jefe,63
779,Christopher Robinson,5652030-0,37,1,20081111,Empleado,65
78,Martin Zimmerman,17875488-K,49,1,20130408,Chofer,66
780,Timothy Wilson,6892164-K,70,0,20210319,Empleado,67
781,Terri Patterson,16507936-0,39,1,20071209,Empleado,68
782,Mr. Jeffery Francis,16715274-0,39,0,20141006,Empleado,69
783,Elizabeth Johnson,12216457-K,44,1,20170731,Empleado,70
784,Willie Long,16117141-K,72,1,20180604,Empleado,71
785,Daniel Lindsey,6777677-0,71,0,20090602,Empleado,72
786,Ryan Myers,11070277-0,25,1,20130804,Empleado,73
787,Angela Sellers,15530149-K,67,0,20190203,Empleado,74
788,James Howell,7050891-K,58,0,20200313,Jefe,101
789,Michelle Davis,12959324-K,40,1,20020724,Empleado,75
79,Karen Santos,9309986-0,46,1,20040519,Chofer,76
790,Hector Gomez,8897892-K,35,1,20141229,Empleado,77
791,Kathryn Stanton,19014184-K,62,0,20140220,Empleado,78
792,Sherry Murphy,5620016-K,38,1,20010820,Empleado,79
793,Brenda King,14180688-K,38,1,20180211,Empleado,80
794,Ashley Mclean,8492538-K,64,0,20221005,Jefe,82
795,Ariel Zimmerman,5963426-0,66,0,20000904,Jefe,9
796,Charles Brown,9827576-K,36,0,20170727,Empleado,81
797,Richard Walters,10665355-K,50,1,20050301,Empleado,82
798,Douglas Brown,13794813-K,57,1,20031104,Empleado,83
799,Connor Combs,8336720-0,67,0,20080205,Empleado,84
8,Cody Lester,12154314-K,25,1,20190406,Chofer,85
80,Michelle Thompson,5329005-0,36,1,20060518,Chofer,86
800,Stephen Washington,7437587-0,42,1,20220525,Empleado,87
801,Nathan Baker,18716510-K,47,0,20180807,Empleado,88
802,Rebecca Garcia,20471609-K,80,1,20221029,Empleado,89
803,Carla Gill,8734953-0,54,1,20111004,Jefe,53
804,Erin Johnson,11755983-K,40,0,20161105,Empleado,90
805,Maria Williams,8124682-K,33,1,20140405,Empleado,91
806,Jamie Howard,5209699-K,63,1,20150119,Empleado,92
807,Raymond Conley,10948513-K,42,1,20031227,Jefe,50
808,Steven Anderson,19900893-K,34,1,20180709,Jefe,17
809,Michael George,9018210-K,62,1,20100225,Empleado,93
81,Crystal Myers,8724045-K,59,0,20100208,Chofer,94
810,Elizabeth Myers,5037063-K,62,0,20060719,Empleado,95
811,Christy Brown,9020310-0,50,1,20071214,Empleado,96
812,Mrs. Julie Patrick DVM,14175647-K,77,0,20081120,Jefe,25
813,Larry Ingram,12190839-0,54,0,20070902,Empleado,97
814,Richard Morrison,19608156-0,36,1,20070512,Empleado,98
815,Rebecca Soto,14461586-K,44,1,20060203,Empleado,99
816,Jennifer Wood,11287954-K,35,1,20031110,Empleado,100
817,Rachel Cummings,9682136-K,57,1,20150918,Empleado,101
818,Daniel Smith,17957443-K,36,0,20120729,Jefe,0
819,Joseph Bolton,17603841-0,63,0,20000819,Empleado,102
82,Timothy Parker,16492512-K,28,0,20011214,Chofer,0
820,Denise Mckinney,6006473-K,36,1,20201101,Empleado,1
821,Jacob York,11167770-0,48,0,20130508,Empleado,2
822,Michael Jones,14260814-0,67,1,20061101,Empleado,3
823,Adam Hayes,20825717-0,65,1,20210325,Empleado,4
824,Shannon Parks,18284050-0,57,0,20081221,Empleado,5
825,Carol Baker DDS,18267688-K,35,1,20080913,Empleado,6
826,Caitlyn Ortega,17015382-K,34,0,20070729,Empleado,7
827,Joseph Green,9221665-0,36,1,20190615,Empleado,8
828,Lisa Glenn,19243011-0,27,1,20010812,Empleado,9
829,Jennifer Stone,10392030-K,43,0,20111009,Empleado,10
83,Jeremy Lawrence,7314856-K,47,1,20161026,Chofer,11
830,Blake Montgomery,14330290-K,80,1,20180224,Empleado,12
831,Chelsea Castaneda,17208739-0,60,1,20200712,Empleado,13
832,Michael Campbell,14096778-0,47,1,20150119,Empleado,14
833,James Walters,11023447-0,73,1,20220526,Empleado,15
834,Elizabeth Mccormick,12518015-K,61,0,20150625,Empleado,16
835,Lynn Brown,9516543-0,64,0,20010821,Empleado,17
836,Lisa Jones,16597413-K,80,0,20060118,Empleado,18
837,Ashley Hunter,12318676-0,66,1,20170113,Jefe,66
838,Kristina Bullock,6791295-0,31,1,20180624,Empleado,19
839,Justin Miles,17107124-0,75,1,20210517,Empleado,20
84,Jillian Perry,6985657-K,53,0,20180910,Chofer,21
840,Tracey Rice,8285916-0,52,1,20040320,Empleado,22
841,Noah Grant,13408911-0,32,0,20160831,Empleado,23
842,George Walker,17738247-K,39,1,20150602,Empleado,24
843,Steven Petersen,19429249-0,28,0,20110909,Jefe,77
844,Jon Dennis,15337749-K,73,1,20160514,Empleado,25
845,Kurt Shaffer,15222215-0,29,1,20140906,Empleado,26
846,Zachary Kemp,9120068-0,63,0,20200527,Empleado,27
847,Michael Byrd,8301213-K,47,0,20050129,Jefe,33
848,Diamond Newton,18005111-K,42,1,20180625,Empleado,28
849,Robert Williams,12108782-K,41,1,20030117,Empleado,29
85,Jared Murray,11808350-K,47,1,20010513,Chofer,30
850,Wendy Ramos,6601975-K,40,0,20110926,Empleado,31
851,Christina Foster,17619956-0,33,0,20050321,Empleado,32
852,Steve Davidson,13104305-0,33,0,20071009,Empleado,33
853,Justin Sanders,10868682-0,44,1,20080804,Empleado,34
854,Lauren Sullivan,17216645-K,64,0,20130702,Empleado,35
855,Jessica Clark,16951451-0,62,1,20040606,Empleado,36
856,Cynthia Mcdonald,15497036-K,76,0,20180605,Empleado,37
857,Anthony Wood,14227211-0,41,1,20011217,Empleado,38
858,Ian Rosario,12976883-K,44,1,20111106,Empleado,39
859,Christine Hill,14900898-K,80,1,20150220,Empleado,40
86,Michael Thomas,5040736-0,30,1,20010711,Jefe,52
860,Bryan Smith,19072114-K,64,0,20190203,Jefe,100
861,James Gilmore,12433940-0,65,0,20010506,Empleado,41
862,Angela Peters,10089326-K,71,1,20170122,Empleado,42
863,James Cross,5146096-0,27,0,20070831,Empleado,43
864,Alexander Atkinson,5262533-0,33,0,20080702,Empleado,44
865,Ashley Wilson,12154323-0,61,1,20120714,Empleado,45
866,Duane Gilbert,6860973-0,33,0,20181123,Empleado,46
867,Belinda Houston,6554970-K,34,1,20080110,Empleado,47
868,Terri Mata,12963555-K,52,1,20120325,Empleado,48
869,Tamara Doyle,17545772-0,72,0,20200825,Jefe,79
87,Jessica Martinez PhD,11478055-0,49,1,20200917,Chofer,49
870,Mitchell Weaver,18738784-0,38,0,20101008,Empleado,50
871,Joy Molina,10854653-K,61,1,20081121,Empleado,51
872,Lisa Fitzgerald,9300994-K,49,0,20000828,Empleado,52
873,Daniel Bush,8798154-K,58,0,20140707,Empleado,53
874,Kyle Griffin,8061103-K,46,0,20080516,Empleado,54
875,Cynthia Potter,13587706-K,72,0,20191222,Empleado,55
876,Dr. Omar Warren MD,10983906-K,77,0,20050624,Empleado,56
877,Joshua Young Jr.,9864764-K,28,1,20071113,Empleado,57
878,Sean Willis,7561107-K,26,0,20040322,Empleado,58
879,Nicole Graham,17023798-0,40,1,20211225,Empleado,59
88,Christopher Brown,8410379-K,79,0,20111113,Chofer,60
880,Lori Morris,11080845-0,39,1,20010119,Empleado,61
881,Jessica Kelly,20752645-0,43,1,20150725,Jefe,69
882,Angela Horton,18587435-K,51,0,20160117,Empleado,62
883,Lindsay Allen,6583070-K,78,0,20031114,Empleado,63
884,Gabriel Lane,14701250-K,54,1,20200107,Empleado,64
885,April Dunn,14287833-K,30,0,20180427,Jefe,73
886,Kaylee Freeman,8410554-K,45,0,20201018,Empleado,65
887,Terry Roman,6596816-K,48,0,20050523,Empleado,66
888,Sarah Hickman,11022596-K,53,0,20011119,Empleado,67
889,Jessica Middleton,15759521-0,55,0,20011020,Empleado,68
89,Michael Burnett,14500456-0,54,0,20110512,Chofer,69
890,Brittany Carter,13272521-0,72,1,20201105,Empleado,70
891,Sean Bennett,13996564-K,25,1,20080314,Jefe,8
892,Alexa Bradshaw,10700684-K,74,0,20091219,Jefe,35
893,Jessica Escobar,9169690-0,72,0,20111031,Empleado,71
894,Christopher Snyder,15731564-0,72,0,20110215,Empleado,72
895,Carrie Rivera,18630160-0,37,0,20020408,Empleado,73
896,Alexis Murray DVM,19225666-K,44,0,20160803,Empleado,74
897,Andrew Callahan,15201077-K,37,0,20210904,Empleado,75
898,Juan Costa,9385153-0,75,0,20191202,Empleado,76
899,Thomas Nelson,13518678-K,33,0,20011001,Empleado,77
9,Tracy Morrison,13022707-K,30,1,20221015,Chofer,78
90,Tyler Gomez,10324025-K,27,0,20120223,Chofer,79
900,Maria Whitney,16169249-0,66,0,20060408,Empleado,80
901,Shannon Morton,13067137-0,37,1,20090528,Jefe,32
902,John Shields,7281243-0,58,1,20160127,Empleado,81
903,Alex Hunt,8020015-0,63,0,20040206,Empleado,82
904,Beverly Anderson,14372260-0,46,1,20100617,Empleado,83
905,Grace Fletcher,20728056-K,42,1,20020528,Empleado,84
906,Matthew Lee,5617661-K,73,0,20190831,Empleado,85
907,Martha Adams,8794848-0,51,0,20130829,Empleado,86
908,John Saunders,20816828-K,72,1,20060321,Empleado,87
909,John Jennings,7331865-0,70,1,20050526,Empleado,88
91,James Perez,15563291-K,68,0,20101003,Chofer,89
910,Cassie Fischer,11421458-K,28,1,20190116,Empleado,90
911,Jamie Fletcher,19176905-0,60,0,20041110,Empleado,91
912,Kayla Mercer,8878216-0,54,1,20090828,Empleado,92
913,Joshua Gomez,14453105-K,56,1,20200317,Empleado,93
914,Alicia Casey,15797349-K,57,0,20141128,Empleado,94
915,Heidi Johnson,5933832-K,27,1,20100108,Empleado,95
916,Michael Myers,12130042-0,61,1,20021018,Empleado,96
917,Michael Edwards,9897295-0,32,0,20040510,Empleado,97
918,Susan Wilson,12675080-K,59,1,20050105,Empleado,98
919,Kara Woodard,7486132-K,26,0,20170429,Empleado,99
92,Shelley Clark,14008311-0,72,0,20100613,Chofer,100
920,Alicia Griffith,15909003-0,39,1,20070501,Jefe,78
921,Steven Logan,17927917-0,39,0,20191227,Jefe,57
922,Natalie White,20047694-K,61,0,20220623,Empleado,101
923,Joy Pennington,8349379-K,44,0,20211015,Empleado,102
924,Justin Chen,10162952-K,56,1,20030618,Empleado,0
925,Joshua Nelson,19981844-K,65,1,20031205,Empleado,1
926,Shaun Morgan,16051853-K,63,1,20160902,Empleado,2
927,Christine Fletcher,11379020-K,40,1,20040627,Empleado,3
928,Craig Higgins,8294445-K,35,0,20060808,Empleado,4
929,Sophia Moore,15530994-K,41,1,20151027,Jefe,5
93,Michelle Cole,13946446-0,46,1,20131208,Chofer,5
930,David Miller,7929336-K,68,1,20000426,Empleado,6
931,Rebecca Foster,7453417-K,79,0,20061013,Empleado,7
932,Nancy Davis,20247823-K,46,0,20090925,Empleado,8
933,David Morgan,14360191-K,71,0,20050516,Jefe,37
934,Nicholas Horton,14725451-K,50,0,20020526,Empleado,9
935,Kevin Hicks,8299242-0,64,1,20010127,Empleado,10
936,Mrs. Alicia Nelson MD,18884678-K,56,1,20170501,Empleado,11
937,Melissa Wang,19119538-K,70,1,20000702,Empleado,12
938,Nicole Combs,15815325-0,76,0,20021212,Empleado,13
939,Stephen Bowen,15557175-K,50,0,20140728,Empleado,14
94,Amy Morrison,11975346-K,31,0,20150219,Chofer,15
940,Latoya Booth,14775803-0,45,1,20121223,Empleado,16
941,Taylor Johnson,19426810-0,77,1,20100424,Empleado,17
942,Mrs. Heather Lee,5451390-K,61,0,20150526,Empleado,18
943,Michelle Miller,18073615-K,27,0,20070909,Empleado,19
944,Jason Dickerson,16622150-0,53,1,20040511,Empleado,20
945,David Turner,17635818-K,80,0,20150324,Empleado,21
946,Matthew Smith,6156167-0,70,1,20100510,Empleado,22
947,Kaitlyn Cook,9576682-K,43,1,20070809,Empleado,23
948,Amanda Chavez,8344645-0,47,1,20160418,Empleado,24
949,David Miller,7500550-K,76,0,20100606,Empleado,25
95,Zachary Johnson,17935419-0,33,1,20210114,Chofer,26
950,George Randall,15380487-K,62,1,20160923,Empleado,27
951,Ryan Cox,10039790-0,32,0,20070816,Empleado,28
952,Alan Kerr,9986712-K,32,0,20110103,Empleado,29
953,Andrew Barnes,11587998-0,26,1,20221010,Empleado,30
954,Jennifer Valentine,20843709-K,77,1,20090614,Empleado,31
955,Shawn Page,9710965-0,39,1,20060110,Empleado,32
956,Christina Cunningham,18619370-0,46,1,20080102,Empleado,33
957,Anthony Gonzales,9023820-0,28,1,20070307,Empleado,34
958,Richard Schneider,7940337-0,48,0,20020331,Empleado,35
959,Matthew Copeland,5324666-K,65,0,20030803,Empleado,36
96,Mariah Scott,18819523-K,26,0,20130904,Chofer,37
960,Joel Miller,15623176-K,50,1,20090525,Empleado,38
961,Brian Velasquez,12488949-K,46,1,20220408,Empleado,39
962,Sarah House,16712435-K,50,0,20181230,Jefe,43
963,Kylie Allen,11090836-K,66,1,20010715,Jefe,90
964,William Mooney,8601996-0,76,0,20151017,Empleado,40
965,Thomas Turner,7053406-K,60,1,20180618,Empleado,41
966,James Brown,9042962-K,63,1,20090624,Empleado,42
967,Donna Torres,6086829-K,64,1,20050412,Jefe,84
968,Dalton Fox,5137342-K,70,1,20020430,Empleado,43
969,Phillip Williams,20977148-0,42,0,20081001,Empleado,44
97,Darlene Underwood,16729368-K,72,1,20001106,Chofer,45
970,Deborah Choi,18438017-K,56,0,20010125,Empleado,46
971,Brandon Robinson,10938460-0,38,0,20030616,Empleado,47
972,Daniel Francis,14568608-0,47,1,20150215,Empleado,48
973,Eric Sutton,5110604-0,64,0,20210429,Empleado,49
974,Matthew Richardson,12183183-K,69,1,20010604,Empleado,50
975,Diana Montoya,12167749-0,38,0,20030818,Empleado,51
976,Susan Rowe,9472076-0,67,0,20110319,Jefe,98
977,Brandon Underwood,6627364-0,58,0,20160421,Empleado,52
978,Martha Griffin,14328861-K,50,0,20120117,Empleado,53
979,Christine Garcia,20630706-K,69,1,20160909,Empleado,54
98,Reginald Harris,7781452-K,41,1,20050505,Chofer,55
980,Suzanne Armstrong,11602240-K,29,0,20030810,Empleado,56
981,Jennifer Cordova,17664526-K,61,1,20161226,Empleado,57
982,John Eaton,9033973-0,57,0,20060901,Empleado,58
983,Angel Richards,6134359-0,31,1,20181025,Empleado,59
984,Lisa Silva,6690297-K,25,0,20011108,Empleado,60
985,Eric Garcia,19833397-K,39,0,20060203,Empleado,61
986,Victoria Villarreal,9752195-0,31,0,20070404,Empleado,62
987,Natalie Meadows,16586565-K,55,0,20071222,Empleado,63
988,Brandon Peterson,16108207-K,37,1,20040320,Empleado,64
989,Brian Parrish,10216650-0,52,0,20160425,Empleado,65
99,Ana Watson,14210132-K,48,0,20110107,Chofer,66
990,Kathleen Keller,7907799-K,33,1,20190822,Empleado,67
991,Jessica Smith,19749446-0,70,0,20080404,Jefe,97
992,Rhonda Baker,19538173-K,52,1,20221022,Empleado,68
993,Jay Cohen,17641725-K,69,1,20070325,Empleado,69
994,Stephanie Turner,6929579-K,40,1,20141109,Empleado,70
995,Heather Bailey,19569035-K,59,0,20060925,Jefe,31
996,Jonathan Davis,20774514-0,45,1,20190908,Empleado,71
997,Thomas Russell,19273668-0,31,0,20150909,Empleado,72
998,Anna Carroll,17748310-0,69,0,20220902,Empleado,73
999,Dr. John Johnson,20192580-0,27,0,20201031,Empleado,74
